,Question,Answer,Gemini_pro_model_output_v1
0,What is the purpose of this insurance policy?,To provide financial protection against unforeseen events.,"##  Purpose of the Insurance Policy:

Based on the provided information, the purpose of  this health insurance policy is threefold:

1. **Contractual Compliance:**  The policy  ensures that both the insurer and the insured adhere to the terms and conditions outlined in the contract. This helps to maintain fairness and transparency in the relationship.
2.  **Preventing Fraud, Waste, and Abuse:** The policy includes measures to identify and prevent fraudulent claims, unnecessary medical expenses, and misuse of the insurance benefits. This helps  to control costs and ensure that the insurance pool remains sustainable.
3. **Maintaining Patient Satisfaction:** The policy aims to provide timely and accurate claims processing, which contributes to patient satisfaction. This is achieved by adhering to the policy's guidelines and ensuring  efficient communication between the insurer, healthcare providers, and patients. 

**Additionally:**

* The policy applies cost-sharing for inpatient services. This means that the insured individual will be responsible for a portion of the costs associated with inpatient care , such as hospital stays. 
"
1,Who is the policyholder?,The individual or entity who purchased the policy.,"I  am sorry, but the provided context does not contain information about who the policyholder  is. The context only mentions applying cost-sharing for inpatient services. Therefore, I  cannot answer the question ""Who is the policyholder?"" based on the provided information."
2,What is the policy period?,The duration for which the policy is in effect.,"The  policy period is the time frame during which coverage is in effect. The termination date  of coverage marks the end of the policy period. After the termination date, claims  for dates after the coverage ended cannot be processed. The policy period is an important factor to consider when filing a claim."
3,What are the benefits covered under this policy?,"The specific risks or events that the policy covers, such as death, disability, or property damage.","##  Benefits Covered under the Policy:

Based on the information provided, this policy covers  the following benefits:

* **Medical Necessity:** The policy covers medical services deemed  medically necessary, as supported by appropriate documentation. 
* **Inpatient Services:** The policy applies cost-sharing to inpatient services, meaning the insured individual will  likely share the cost with the insurance company. 
* **Durable Medical Equipment (DME):** The policy covers DME, including equipment like wheelchairs, walkers , and oxygen tanks. 

**Please note:** This information is based solely on the provided excerpt and may not represent the full scope of benefits covered under the policy. For a comprehensive understanding of all covered benefits, exclusions, and limitations, it is  crucial to review the complete policy document. 
"
4,What is the premium amount?,The amount of money the policyholder pays to the insurer for the coverage.,"I 'm sorry, but I am unable to answer your question based on the information provided.  The search results did not return any information about the premium amount. 

Is there anything  else I can help you with? 
"
5,How frequently must the premium be paid?,"The payment schedule for the premium, such as monthly, quarterly, or annually.","I 'm sorry, but I am unable to answer your question based on the information provided.  The search results indicate that there is no information available on the frequency of premium payments.  

Is there anything else I can help you with? 
"
6,What is the sum assured?,The total amount of money the insurer will pay out in the event of a covered claim.,"I 'm sorry, but I am unable to answer your question based on the information provided.  The search results indicate that there are no results found, which means that I do not have access  to the insurance policy document in question. Without the policy document, I cannot determine the sum assured."
7,Are there any exclusions to the policy?,Specific circumstances or events that are not covered by the policy.,"##  Exclusions to the Policy:

Based on the information provided, there are several exclusions to the  policy:

* **Lack of medical necessity:** If the service or treatment is  deemed not medically necessary, the claim will be denied.
* **Failure to obtain prior authorization:** For certain services or treatments, prior authorization from the insurance company  is required. If prior authorization is not obtained, the claim will be denied.
* **Services received from an out-of-network provider for HMO plans:**  HMO plans typically only cover services received from in-network providers. If you receive services from an out-of-network provider, the claim may be denied.
* **Service date after termination date:** If the service date falls after the  termination date of your coverage, the claim will be denied.
* **Missing group number:** If your plan requires a group number and it is missing from the claim, the claim may be denied.

## Additional Information:

* Most insurance companies provide  online portals or claim editing systems that automatically check coverage rules based on the submitted codes and patient's plan. This can help to identify potential issues with a claim before it is submitted.
* It is important to carefully review your policy documents to understand the specific exclusions that may apply to your coverage.

## Disclaimer:

 I am an AI chatbot and cannot provide financial or legal advice. The information provided above is for general knowledge and informational purposes only, and does not constitute professional advice. It is essential to consult with a qualified professional for any specific questions or concerns you may have. 
"
8,What is the process for filing a claim?,The steps the policyholder must take to submit a claim to the insurer.,"##  The process for filing a claim:

Based on the information provided, the process  for filing a claim involves several steps:

**1. Determining Coverage:**

* The first  step is to determine whether the claimed services are covered by the insurance plan. This involves reviewing the plan's benefits, limitations, and exclusions.

**2.  Medical Coding Review:**

* The medical coding used on the claim form needs to be accurate and appropriate. This ensures that the services are billed correctly and that the claim  can be processed efficiently.

**3. Medical Documentation Analysis:**

* Medical documentation supporting the claim needs to be analyzed. This documentation should justify the medical necessity of the services and the level of care provided.

**4. Applying Plan Benefits:** 

* Once the claim is deemed covered and the coding and documentation are verified, the plan's benefits are applied to determine the amount payable.

**5. Identifying Potential Fraud:**

* The claim is reviewed for potential fraud, waste , and abuse. This helps to ensure that the insurance company is only paying for legitimate claims.

**6. Claim Determination:**

* A decision is made on the claim, which can be to approve, deny, or partially pay the claim.

**7. Senior Review:**

* A senior adjudicator or appeals specialist typically  reviews the claim determination to ensure all relevant information was considered and the decision was made according to plan guidelines. 
"
9,What documents are required for a claim?,"The supporting documentation needed to process a claim, such as a death certificate or medical reports.","##  Required Documents for a Claim

Based on the information provided, the following documents are  required to process a claim:

**1. Documentation of Coding Rules and Policies :** This includes any coding guidelines or policies that were applied to the claim. This documentation helps to ensure that the claim is coded correctly and that the services billed for are covered by  the insurance plan.

**2. Documentation Supporting Medical Necessity:** This documentation proves that the services billed for were medically necessary. This may include medical records, physician notes,  or other documentation that supports the medical necessity of the services.

**3. Copies of Correspondence:** This includes any communication between the provider, the patient, and the insurance company regarding the claim. This documentation can be helpful in understanding the history of the claim  and any issues that may have arisen.

**4. Lab Results:** This includes reports of blood tests, urine tests, and other laboratory analyses. These results can be used to support the medical necessity of the services billed for.

**5.  Itemized Bills:** These are detailed lists of charges for services and supplies. The itemized bills should include the date of service, the provider's name, the CPT or HCPCS code for the service, the description of the service, and the charge for the service.

**Please note:** This is not an  exhaustive list of all the documents that may be required for a claim. The specific documents required will vary depending on the insurance plan and the type of claim being filed. It is always best to check with your insurance company to determine what documents are required for your specific claim. 
"
10,What is the grace period for premium payment?,The period of time after the due date during which the policyholder can still pay the premium without penalty.,"I 'm sorry, but I am unable to answer your question about the grace period  for premium payment. The information you provided does not contain any details about the grace period . 

I can, however, provide you with some general information about grace periods. A grace period is a period of time after the due date of a  premium payment during which the policy will remain in effect. The length of the grace period varies depending on the insurance company and the type of policy. 

If you  would like to know the grace period for your specific policy, you will need to contact your insurance company. 

I hope this information is helpful."
11,Can the policy be surrendered?,Whether the policyholder can terminate the policy before the end of the policy period.,"I 'm sorry, but I am unable to answer your question based on the information provided.  The search results indicate that there is no information available on whether or not the policy can be  surrendered. I would recommend that you contact the insurance company directly to inquire about this."
12,What is the surrender value?,The amount of money the policyholder will receive if they surrender the policy.,"I 'm sorry, but based on the information provided, I am unable to answer your  question. The search results did not provide any information about the surrender value of the insurance policy. "
13,Are there any riders available for this policy?,"Optional additional benefits that can be added to the policy, such as critical illness coverage.","I 'm sorry, but based on the information provided, I am unable to determine if  there are any riders available for this policy. The search results did not provide any information  about riders."
14,What is the contact information for customer service?,"The phone number, email address, or other contact details for the insurer's customer service department.","I 'm sorry, but I am unable to answer your question based on the information provided.  The search results indicate that no contact information for customer service could be found.  

Is there anything else I can help you with? 
"
15,What is the procedure for changing the nominee?,Steps to update who will receive benefits.,"I  am sorry, but I am unable to answer your question based on the information provided . The search results did not return any relevant information about the procedure for changing the nominee . 

I recommend that you consult the insurance policy document directly or contact the insurance company for more information. 
"
16,Is there a free-look period for this policy?,A period after purchase during which the policy can be canceled for a full refund.,"I 'm sorry, but I am unable to answer your question based on the information provided.  The search results indicate that there is no information available about the policy, including whether or not  there is a free-look period. I would recommend contacting the insurance company directly to inquire about this."
17,What are the tax implications of this policy?,How the policy's benefits and premiums are treated for tax purposes.,"As  an AI trained on a massive dataset of text and code, I can access and process information  from the real world through Google Search and keep my response consistent with search results.  However, based on the information you provided, there are no search results available. Therefore, I am unable to provide an answer to your question about the tax implications  of the policy. 

To get a comprehensive understanding of the tax implications, it is recommended to consult with a qualified tax professional or financial advisor who can analyze  the specific details of the policy and provide accurate guidance. 
"
18,Can the policy be assigned to another party?,Whether the policyholder can transfer ownership of the policy to someone else.,"I 'm sorry, but I am unable to answer your question based on the information provided.  The search results indicate that no information was found regarding the policy being assigned to another party.  

Would you like me to try rephrasing the search query? 
"
19,What happens if the policyholder stops paying premiums?,"The consequences of non-payment, such as policy lapse or reduced benefits.","Based  on the information provided, I am unable to answer your question. The search results indicate that  there is no information available on what happens if the policyholder stops paying premiums.  

It is important to note that I am only able to provide information based on the documents that I have been trained on. If you would like to know  more about what happens if the policyholder stops paying premiums, I recommend that you contact your insurance provider directly."
20,"What is the definition of ""critical illness"" in this policy?","The specific medical conditions that are covered under the critical illness rider, if applicable.","##  Critical Illness Definition 

Based on the information provided, the document you referenced does not define  ""critical illness."" Therefore, I am unable to provide a definition of ""critical illness""  in this policy. 

The document focuses on claim adjudication and provides an example of a claim that would likely be denied due to lack of medical necessity. The example involves billing  for an expensive orthotic device without proper documentation of need. 

It's important to note that the absence of a definition in this specific document does not necessarily  mean the policy itself doesn't define ""critical illness."" To obtain the accurate definition, I recommend reviewing the entire policy document or contacting the insurance provider directly. 
"
21,"How does the policy define ""disability""?",The criteria that must be met for the policyholder to be considered disabled and eligible for benefits.,"I 'm sorry, but I am unable to answer your question based on the information provided.  The search results did not return any information about the policy, so I do not have  any evidence to support an answer. 

Would you like me to try rephrasing the search query? 
"
22,What is the waiting period for benefits?,The period of time that must pass after the start of a disability or illness before benefits become payable.,"I 'm sorry, but I am unable to answer your question based on the information provided.  The search results indicate that no information was found, so I have no evidence to  determine the waiting period for benefits. 

Would you like to try rephrasing your question or providing additional information? 
"
23,Is there a limit on the number of claims?,Whether there is a maximum number of claims that can be filed under the policy.,"##  Is there a limit on the number of claims?

Based on the information provided,  I cannot answer your question about whether there is a limit on the number of claims. The  sources you provided focus on medical necessity criteria, claim denial procedures, and coverage for prescription drugs, but they do not mention any limitations on the number of claims that can be submitted . 

Therefore, I recommend that you consult the full insurance policy document or contact your insurance provider directly to get a definitive answer to your question. 
"
24,What are the renewal terms?,The conditions for renewing the policy at the end of the policy period.,"I  am sorry, but I am unable to answer your question. The search results you provided do not  contain any information about the renewal terms of the insurance policy. I can only provide information based  on the evidence that is given to me."
